SET FOREIGN_KEY_CHECKS=0;
INSERT INTO `hotels` (`id`, `user_id`, `nom`, `adresse`, `ville`, `code_postal`, `description_detaillee`, `categorie`, `is_active`, `created_at`, `updated_at`) VALUES (1,1,'Riad Atlas Marrakech','Derb Zitoun Lakdim, Medina','Marrakech','40000','Magnifique riad traditionnel au coeur de la mûˋdina de Marrakech avec piscine et spa.','5 ûˋtoiles',1,'2024-01-01 08:00:00','2024-01-01 08:00:00'),(2,1,'Hotel Sahara Palace','Avenue Mohammed V, Guûˋliz','Marrakech','40000','HûÇtel moderne avec vue sur l Atlas, piscine olympique et restaurant gastronomique.','5 ûˋtoiles',1,'2024-01-01 08:00:00','2024-01-01 08:00:00'),(3,1,'Riad Zitoun','Rue Riad Zitoun El Kedim','Marrakech','40000','Riad authentique avec fontaine centrale, terrasse panoramique et hammam traditionnel.','4 ûˋtoiles',1,'2024-01-01 08:00:00','2024-01-01 08:00:00'),(4,1,'Hotel Les Jardins','Boulevard de la Menara','Marrakech','40000','Hotel verdoyant avec jardins andalous, spa luxueux et cuisine marocaine raffinûˋe.','4 ûˋtoiles',1,'2024-01-01 08:00:00','2024-01-01 08:00:00'),(5,1,'Kasbah du Toubkal','Centre Ville Imlil','Marrakech','40000','Kasbah berbû´re authentique avec vue imprenable sur le mont Toubkal.','3 ûˋtoiles',1,'2024-01-01 08:00:00','2024-01-01 08:00:00'),(6,1,'Hotel Sofitel Agadir','Boulevard du 20 Aoû£t','Agadir','80000','Resort balnûˋaire 5 ûˋtoiles face û  l Atlantique avec plage privûˋe.','5 ûˋtoiles',1,'2024-01-01 08:00:00','2024-01-01 08:00:00'),(7,1,'Riu Tikida Beach','Chemin des Dunes','Agadir','80000','All-inclusive face û  la mer avec animations et sports nautiques.','4 ûˋtoiles',1,'2024-01-01 08:00:00','2024-01-01 08:00:00'),(8,1,'Hotel Atlantic Agadir','Rue de la Plage','Agadir','80000','Hotel confortable û  200m de la plage avec piscine et restaurant.','3 ûˋtoiles',1,'2024-01-01 08:00:00','2024-01-01 08:00:00'),(9,1,'El Minzah Tanger','Rue de la Libertûˋ','Tanger','90000','Hotel historique emblûˋmatique de Tanger, ancienne rûˋsidence des diplomates europûˋens.','5 ûˋtoiles',1,'2024-01-01 08:00:00','2024-01-01 08:00:00'),(10,1,'Hotel Rembrandt','Boulevard Mohammed V','Tanger','90000','Hotel classique au centre de Tanger avec vue sur la baie.','4 ûˋtoiles',1,'2024-01-01 08:00:00','2024-01-01 08:00:00'),(11,1,'Palais Faraj Fû´s','Quartier Ziat, Fû´s El Bali','Fû´s','30000','Palais du 14û´me siû´cle restaurûˋ avec vue unique sur la mûˋdina de Fû´s.','5 ûˋtoiles',1,'2024-01-01 08:00:00','2024-01-01 08:00:00'),(12,1,'Hotel Batha Fû´s','Place Batha','Fû´s','30000','Hotel traditionnel face au musûˋe Batha avec dûˋcoration andalouse.','4 ûˋtoiles',1,'2024-01-01 08:00:00','2024-01-01 08:00:00'),(13,1,'Riad Laaroussa','Derb Bechara, Mûˋdina','Fû´s','30000','Riad de charme au coeur de la mûˋdina avec cuisine traditionnelle fassi.','3 ûˋtoiles',1,'2024-01-01 08:00:00','2024-01-01 08:00:00'),(14,1,'Hotel Barcelo Casablanca','Boulevard Anfa','Casablanca','20000','Hotel business moderne au coeur de Casablanca avec centre de confûˋrences.','5 ûˋtoiles',1,'2024-01-01 08:00:00','2024-01-01 08:00:00'),(15,1,'Hyatt Regency Casablanca','Place des Nations Unies','Casablanca','20000','Hotel de luxe au centre-ville avec vue panoramique sur l Atlantique.','5 ûˋtoiles',1,'2024-01-01 08:00:00','2024-01-01 08:00:00'),(16,1,'Hotel Diwan Casablanca','Rue Mohamed Belloul','Casablanca','20000','Hotel 4 ûˋtoiles idûˋalement situûˋ pour les voyageurs d affaires.','4 ûˋtoiles',1,'2024-01-01 08:00:00','2024-01-01 08:00:00'),(17,1,'Hotel Farah Casablanca','Avenue des FAR','Casablanca','20000','Hotel central avec rooftop piscine et vue sur Hassan II.','3 ûˋtoiles',1,'2024-01-01 08:00:00','2024-01-01 08:00:00'),(18,1,'Hotel Kenzi Basma Rabat','Avenue Moulay Hassan','Rabat','10000','Hotel ûˋlûˋgant proche du Palais Royal avec spa et restaurant panoramique.','5 ûˋtoiles',1,'2024-01-01 08:00:00','2024-01-01 08:00:00'),(19,1,'Hotel Terminus Rabat','Avenue Mohammed V','Rabat','10000','Hotel classique en face de la gare centrale de Rabat.','3 ûˋtoiles',1,'2024-01-01 08:00:00','2024-01-01 08:00:00'),(20,1,'Riad Dar Baraka Rabat','Mûˋdina de Rabat','Rabat','10000','Riad familial dans la mûˋdina de Rabat avec jardin et terrasse.','3 ûˋtoiles',1,'2024-01-01 08:00:00','2024-01-01 08:00:00');
INSERT INTO `types_chambre` (`id`, `hotel_id`, `nom_type`, `prix_base`, `created_at`, `updated_at`) VALUES (1,1,'Chambre Classique',600.00,'2024-01-01 08:00:00','2024-01-01 08:00:00'),(2,1,'Chambre Supûˋrieure',900.00,'2024-01-01 08:00:00','2024-01-01 08:00:00'),(3,1,'Suite Royale',1800.00,'2024-01-01 08:00:00','2024-01-01 08:00:00'),(4,2,'Chambre Standard',800.00,'2024-01-01 08:00:00','2024-01-01 08:00:00'),(5,2,'Chambre Deluxe',1200.00,'2024-01-01 08:00:00','2024-01-01 08:00:00'),(6,2,'Suite Junior',2000.00,'2024-01-01 08:00:00','2024-01-01 08:00:00'),(7,2,'Suite Prestige',4000.00,'2024-01-01 08:00:00','2024-01-01 08:00:00'),(8,3,'Chambre Riad',500.00,'2024-01-01 08:00:00','2024-01-01 08:00:00'),(9,3,'Suite Riad',850.00,'2024-01-01 08:00:00','2024-01-01 08:00:00'),(10,4,'Chambre Jardin',750.00,'2024-01-01 08:00:00','2024-01-01 08:00:00'),(11,4,'Suite Jardins',1400.00,'2024-01-01 08:00:00','2024-01-01 08:00:00'),(12,5,'Chambre Berbû´re',450.00,'2024-01-01 08:00:00','2024-01-01 08:00:00'),(13,5,'Suite Toubkal',750.00,'2024-01-01 08:00:00','2024-01-01 08:00:00'),(14,6,'Chambre Ocûˋan',1100.00,'2024-01-01 08:00:00','2024-01-01 08:00:00'),(15,6,'Suite Balnûˋaire',2500.00,'2024-01-01 08:00:00','2024-01-01 08:00:00'),(16,7,'Chambre Standard',700.00,'2024-01-01 08:00:00','2024-01-01 08:00:00'),(17,7,'Chambre Vue Mer',950.00,'2024-01-01 08:00:00','2024-01-01 08:00:00'),(18,8,'Chambre Simple',380.00,'2024-01-01 08:00:00','2024-01-01 08:00:00'),(19,8,'Chambre Double',520.00,'2024-01-01 08:00:00','2024-01-01 08:00:00'),(20,9,'Chambre Classique',900.00,'2024-01-01 08:00:00','2024-01-01 08:00:00'),(21,9,'Suite Diplomatique',2200.00,'2024-01-01 08:00:00','2024-01-01 08:00:00'),(22,10,'Chambre Standard',600.00,'2024-01-01 08:00:00','2024-01-01 08:00:00'),(23,11,'Chambre Palais',1300.00,'2024-01-01 08:00:00','2024-01-01 08:00:00'),(24,11,'Suite Royale Fassi',3000.00,'2024-01-01 08:00:00','2024-01-01 08:00:00'),(25,12,'Chambre Andalouse',550.00,'2024-01-01 08:00:00','2024-01-01 08:00:00'),(26,13,'Chambre Mûˋdina',400.00,'2024-01-01 08:00:00','2024-01-01 08:00:00'),(27,14,'Chambre Business',950.00,'2024-01-01 08:00:00','2024-01-01 08:00:00'),(28,14,'Suite Exûˋcutive',2100.00,'2024-01-01 08:00:00','2024-01-01 08:00:00'),(29,15,'Chambre Regency',1400.00,'2024-01-01 08:00:00','2024-01-01 08:00:00'),(30,15,'Suite Panoramique',3500.00,'2024-01-01 08:00:00','2024-01-01 08:00:00'),(31,16,'Chambre Standard',700.00,'2024-01-01 08:00:00','2024-01-01 08:00:00'),(32,17,'Chambre Rooftop',500.00,'2024-01-01 08:00:00','2024-01-01 08:00:00'),(33,18,'Chambre Royale',1100.00,'2024-01-01 08:00:00','2024-01-01 08:00:00'),(34,18,'Suite Diplomatique',2400.00,'2024-01-01 08:00:00','2024-01-01 08:00:00'),(35,19,'Chambre Simple',300.00,'2024-01-01 08:00:00','2024-01-01 08:00:00'),(36,19,'Chambre Double',420.00,'2024-01-01 08:00:00','2024-01-01 08:00:00'),(37,20,'Chambre Familiale',480.00,'2024-01-01 08:00:00','2024-01-01 08:00:00');
INSERT INTO `chambres` (`id`, `hotel_id`, `type_chambre_id`, `description`, `image_url`, `is_available`, `created_at`, `updated_at`) VALUES (1,1,1,'Chambre 101',NULL,1,'2024-01-01 08:00:00','2024-01-01 08:00:00'),(2,1,1,'Chambre 102',NULL,1,'2024-01-01 08:00:00','2024-01-01 08:00:00'),(3,1,1,'Chambre 103',NULL,1,'2024-01-01 08:00:00','2024-01-01 08:00:00'),(4,1,2,'Chambre 201',NULL,1,'2024-01-01 08:00:00','2024-01-01 08:00:00'),(5,1,2,'Chambre 202',NULL,1,'2024-01-01 08:00:00','2024-01-01 08:00:00'),(6,1,3,'Chambre 301',NULL,1,'2024-01-01 08:00:00','2024-01-01 08:00:00'),(7,2,4,'Chambre 101',NULL,1,'2024-01-01 08:00:00','2024-01-01 08:00:00'),(8,2,4,'Chambre 102',NULL,1,'2024-01-01 08:00:00','2024-01-01 08:00:00'),(9,2,4,'Chambre 103',NULL,1,'2024-01-01 08:00:00','2024-01-01 08:00:00'),(10,2,5,'Chambre 201',NULL,1,'2024-01-01 08:00:00','2024-01-01 08:00:00'),(11,2,5,'Chambre 202',NULL,1,'2024-01-01 08:00:00','2024-01-01 08:00:00'),(12,2,6,'Chambre 301',NULL,1,'2024-01-01 08:00:00','2024-01-01 08:00:00'),(13,2,7,'Chambre 401',NULL,1,'2024-01-01 08:00:00','2024-01-01 08:00:00'),(14,3,8,'Chambre 101',NULL,1,'2024-01-01 08:00:00','2024-01-01 08:00:00'),(15,3,8,'Chambre 102',NULL,1,'2024-01-01 08:00:00','2024-01-01 08:00:00'),(16,3,9,'Chambre 201',NULL,1,'2024-01-01 08:00:00','2024-01-01 08:00:00'),(17,4,10,'Chambre 101',NULL,1,'2024-01-01 08:00:00','2024-01-01 08:00:00'),(18,4,10,'Chambre 102',NULL,1,'2024-01-01 08:00:00','2024-01-01 08:00:00'),(19,4,11,'Chambre 201',NULL,1,'2024-01-01 08:00:00','2024-01-01 08:00:00'),(20,5,12,'Chambre 101',NULL,1,'2024-01-01 08:00:00','2024-01-01 08:00:00'),(21,5,12,'Chambre 102',NULL,1,'2024-01-01 08:00:00','2024-01-01 08:00:00'),(22,5,13,'Chambre 201',NULL,1,'2024-01-01 08:00:00','2024-01-01 08:00:00'),(23,6,14,'Chambre 101',NULL,1,'2024-01-01 08:00:00','2024-01-01 08:00:00'),(24,6,14,'Chambre 102',NULL,1,'2024-01-01 08:00:00','2024-01-01 08:00:00'),(25,6,14,'Chambre 103',NULL,1,'2024-01-01 08:00:00','2024-01-01 08:00:00'),(26,6,15,'Chambre 201',NULL,1,'2024-01-01 08:00:00','2024-01-01 08:00:00'),(27,7,16,'Chambre 101',NULL,1,'2024-01-01 08:00:00','2024-01-01 08:00:00'),(28,7,16,'Chambre 102',NULL,1,'2024-01-01 08:00:00','2024-01-01 08:00:00'),(29,7,17,'Chambre 201',NULL,1,'2024-01-01 08:00:00','2024-01-01 08:00:00'),(30,7,17,'Chambre 202',NULL,1,'2024-01-01 08:00:00','2024-01-01 08:00:00'),(31,8,18,'Chambre 101',NULL,1,'2024-01-01 08:00:00','2024-01-01 08:00:00'),(32,8,19,'Chambre 102',NULL,1,'2024-01-01 08:00:00','2024-01-01 08:00:00'),(33,8,19,'Chambre 103',NULL,1,'2024-01-01 08:00:00','2024-01-01 08:00:00'),(34,9,20,'Chambre 101',NULL,1,'2024-01-01 08:00:00','2024-01-01 08:00:00'),(35,9,20,'Chambre 102',NULL,1,'2024-01-01 08:00:00','2024-01-01 08:00:00'),(36,9,21,'Chambre 301',NULL,1,'2024-01-01 08:00:00','2024-01-01 08:00:00'),(37,10,22,'Chambre 101',NULL,1,'2024-01-01 08:00:00','2024-01-01 08:00:00'),(38,10,22,'Chambre 102',NULL,1,'2024-01-01 08:00:00','2024-01-01 08:00:00'),(39,11,23,'Chambre 101',NULL,1,'2024-01-01 08:00:00','2024-01-01 08:00:00'),(40,11,23,'Chambre 102',NULL,1,'2024-01-01 08:00:00','2024-01-01 08:00:00'),(41,11,24,'Chambre 201',NULL,1,'2024-01-01 08:00:00','2024-01-01 08:00:00'),(42,12,25,'Chambre 101',NULL,1,'2024-01-01 08:00:00','2024-01-01 08:00:00'),(43,12,25,'Chambre 102',NULL,1,'2024-01-01 08:00:00','2024-01-01 08:00:00'),(44,13,26,'Chambre 101',NULL,1,'2024-01-01 08:00:00','2024-01-01 08:00:00'),(45,13,26,'Chambre 102',NULL,1,'2024-01-01 08:00:00','2024-01-01 08:00:00'),(46,14,27,'Chambre 101',NULL,1,'2024-01-01 08:00:00','2024-01-01 08:00:00'),(47,14,27,'Chambre 102',NULL,1,'2024-01-01 08:00:00','2024-01-01 08:00:00'),(48,14,28,'Chambre 201',NULL,1,'2024-01-01 08:00:00','2024-01-01 08:00:00'),(49,15,29,'Chambre 101',NULL,1,'2024-01-01 08:00:00','2024-01-01 08:00:00'),(50,15,29,'Chambre 102',NULL,1,'2024-01-01 08:00:00','2024-01-01 08:00:00'),(51,15,30,'Chambre 201',NULL,1,'2024-01-01 08:00:00','2024-01-01 08:00:00'),(52,16,31,'Chambre 101',NULL,1,'2024-01-01 08:00:00','2024-01-01 08:00:00'),(53,16,31,'Chambre 102',NULL,1,'2024-01-01 08:00:00','2024-01-01 08:00:00'),(54,17,32,'Chambre 101',NULL,1,'2024-01-01 08:00:00','2024-01-01 08:00:00'),(55,17,32,'Chambre 102',NULL,1,'2024-01-01 08:00:00','2024-01-01 08:00:00'),(56,18,33,'Chambre 101',NULL,1,'2024-01-01 08:00:00','2024-01-01 08:00:00'),(57,18,33,'Chambre 102',NULL,1,'2024-01-01 08:00:00','2024-01-01 08:00:00'),(58,18,34,'Chambre 201',NULL,1,'2024-01-01 08:00:00','2024-01-01 08:00:00'),(59,19,35,'Chambre 101',NULL,1,'2024-01-01 08:00:00','2024-01-01 08:00:00'),(60,19,35,'Chambre 102',NULL,1,'2024-01-01 08:00:00','2024-01-01 08:00:00'),(61,19,36,'Chambre 201',NULL,1,'2024-01-01 08:00:00','2024-01-01 08:00:00'),(62,20,37,'Chambre 101',NULL,1,'2024-01-01 08:00:00','2024-01-01 08:00:00'),(63,20,37,'Chambre 102',NULL,1,'2024-01-01 08:00:00','2024-01-01 08:00:00');
INSERT INTO `services_hotel` (`id`, `hotel_id`, `nom_service`, `created_at`, `updated_at`) VALUES (1,1,'Piscine','2024-01-01 08:00:00','2024-01-01 08:00:00'),(2,1,'Spa','2024-01-01 08:00:00','2024-01-01 08:00:00'),(3,1,'WiFi Gratuit','2024-01-01 08:00:00','2024-01-01 08:00:00'),(4,1,'Hammam','2024-01-01 08:00:00','2024-01-01 08:00:00'),(5,1,'Restaurant','2024-01-01 08:00:00','2024-01-01 08:00:00'),(6,2,'Piscine Olympique','2024-01-01 08:00:00','2024-01-01 08:00:00'),(7,2,'Spa Luxueux','2024-01-01 08:00:00','2024-01-01 08:00:00'),(8,2,'WiFi Gratuit','2024-01-01 08:00:00','2024-01-01 08:00:00'),(9,2,'Restaurant Gastronomique','2024-01-01 08:00:00','2024-01-01 08:00:00'),(10,2,'Salle de Sport','2024-01-01 08:00:00','2024-01-01 08:00:00'),(11,3,'Hammam','2024-01-01 08:00:00','2024-01-01 08:00:00'),(12,3,'WiFi Gratuit','2024-01-01 08:00:00','2024-01-01 08:00:00'),(13,3,'Terrasse Panoramique','2024-01-01 08:00:00','2024-01-01 08:00:00'),(14,4,'Piscine','2024-01-01 08:00:00','2024-01-01 08:00:00'),(15,4,'Spa','2024-01-01 08:00:00','2024-01-01 08:00:00'),(16,4,'WiFi Gratuit','2024-01-01 08:00:00','2024-01-01 08:00:00'),(17,4,'Jardins Andalous','2024-01-01 08:00:00','2024-01-01 08:00:00'),(18,5,'WiFi Gratuit','2024-01-01 08:00:00','2024-01-01 08:00:00'),(19,5,'Vue Montagne','2024-01-01 08:00:00','2024-01-01 08:00:00'),(20,6,'Plage Privûˋe','2024-01-01 08:00:00','2024-01-01 08:00:00'),(21,6,'Piscine Olympique','2024-01-01 08:00:00','2024-01-01 08:00:00'),(22,6,'Spa','2024-01-01 08:00:00','2024-01-01 08:00:00'),(23,6,'WiFi Gratuit','2024-01-01 08:00:00','2024-01-01 08:00:00'),(24,6,'Sports Nautiques','2024-01-01 08:00:00','2024-01-01 08:00:00'),(25,7,'All Inclusive','2024-01-01 08:00:00','2024-01-01 08:00:00'),(26,7,'Piscine','2024-01-01 08:00:00','2024-01-01 08:00:00'),(27,7,'Animation','2024-01-01 08:00:00','2024-01-01 08:00:00'),(28,8,'WiFi Gratuit','2024-01-01 08:00:00','2024-01-01 08:00:00'),(29,8,'Piscine','2024-01-01 08:00:00','2024-01-01 08:00:00'),(30,9,'WiFi Gratuit','2024-01-01 08:00:00','2024-01-01 08:00:00'),(31,9,'Restaurant Historique','2024-01-01 08:00:00','2024-01-01 08:00:00'),(32,9,'Bar','2024-01-01 08:00:00','2024-01-01 08:00:00'),(33,10,'WiFi Gratuit','2024-01-01 08:00:00','2024-01-01 08:00:00'),(34,11,'WiFi Gratuit','2024-01-01 08:00:00','2024-01-01 08:00:00'),(35,11,'Restaurant Fassi','2024-01-01 08:00:00','2024-01-01 08:00:00'),(36,11,'Terrasse Vue Mûˋdina','2024-01-01 08:00:00','2024-01-01 08:00:00'),(37,12,'WiFi Gratuit','2024-01-01 08:00:00','2024-01-01 08:00:00'),(38,13,'Hammam','2024-01-01 08:00:00','2024-01-01 08:00:00'),(39,14,'Centre de Confûˋrences','2024-01-01 08:00:00','2024-01-01 08:00:00'),(40,14,'WiFi Gratuit','2024-01-01 08:00:00','2024-01-01 08:00:00'),(41,15,'Piscine Panoramique','2024-01-01 08:00:00','2024-01-01 08:00:00'),(42,15,'Spa Luxueux','2024-01-01 08:00:00','2024-01-01 08:00:00'),(43,15,'WiFi Gratuit','2024-01-01 08:00:00','2024-01-01 08:00:00'),(44,16,'WiFi Gratuit','2024-01-01 08:00:00','2024-01-01 08:00:00'),(45,17,'Piscine Rooftop','2024-01-01 08:00:00','2024-01-01 08:00:00'),(46,18,'Spa','2024-01-01 08:00:00','2024-01-01 08:00:00'),(47,18,'WiFi Gratuit','2024-01-01 08:00:00','2024-01-01 08:00:00'),(48,19,'WiFi Gratuit','2024-01-01 08:00:00','2024-01-01 08:00:00'),(49,20,'Jardin','2024-01-01 08:00:00','2024-01-01 08:00:00'),(50,20,'WiFi Gratuit','2024-01-01 08:00:00','2024-01-01 08:00:00');
SET FOREIGN_KEY_CHECKS=1;
